schoolID,rms,win,openWin,opSpFan,pOpSpFan,nOpSpFan,opExFan,pOpExFan,nOpExFan,opVent,pOpVent,nOpVent
Q014,132,106,106,43,1,5,105,1,4,19,1,3
Q798,52,34,34,44,0,15,34,0,26,0,0,0
K167,82,80,80,0,0,63,2,0,2,0,0,0
Q332,101,48,43,54,0,3,60,9,20,0,0,0
X136,154,129,129,16,0,15,10,0,110,4,0,0
Q028,61,32,32,29,2,5,6,0,51,0,0,0
K111,119,123,123,3,0,0,122,0,0,0,0,0
K270,70,67,66,4,0,2,18,2,38,0,0,0
R014,97,69,66,38,0,8,65,1,4,0,0,0
Q019,186,148,143,94,1,10,65,7,63,13,0,13
K825,36,16,17,14,0,4,8,0,26,17,0,2
Q011,137,126,113,57,0,0,129,0,1,0,0,0
R050,64,57,55,6,0,0,47,0,3,0,0,1
M046,89,71,71,4,1,1,45,0,27,8,0,0
K370,56,48,48,52,0,0,53,0,0,27,0,0
Q194,104,95,90,2,0,0,65,1,19,95,0,0
M009,64,54,54,4,0,0,52,0,11,0,0,0
K286,72,67,67,59,0,1,18,0,27,0,0,0
M970,84,39,35,67,0,2,72,0,6,0,0,0
X135,132,107,107,4,0,8,30,1,60,0,0,0
K345,112,88,83,3,1,0,53,1,25,0,0,0
M093,83,69,67,17,0,38,25,0,45,0,0,0
X159,23,24,24,3,0,0,0,0,0,0,0,0
K303,149,122,122,15,2,13,89,1,40,0,0,0
K242,90,91,91,3,0,6,21,0,31,15,0,7
Q610,147,141,141,16,0,0,109,0,1,0,0,0
M125,140,123,120,1,0,0,44,0,35,0,0,0
Q280,80,73,70,1,0,0,4,6,20,0,1,3
K195,58,42,42,4,0,1,25,7,15,0,0,0
K259,135,124,113,41,0,0,84,0,6,41,0,5
X194,138,87,86,108,2,41,148,0,5,0,0,0
X123,111,104,102,5,0,0,1,0,0,75,9,14
X070,117,112,110,0,0,0,8,1,80,1,0,14
M470,182,134,134,51,0,15,122,0,17,0,0,0
X155,171,139,138,1,0,8,1,0,153,0,0,2
M486,47,32,31,22,2,15,28,1,10,22,0,3
Q276,98,59,57,42,0,27,54,5,36,0,0,0
K806,56,54,52,0,0,0,4,0,0,1,0,0
M140,69,57,56,5,0,5,16,0,32,0,0,0
M058,61,34,34,1,0,0,30,0,2,32,0,0
X004,99,94,92,0,0,23,2,1,11,0,0,0
K253,77,78,76,16,0,0,21,0,38,48,0,0
Q227,160,103,102,71,2,20,99,1,67,0,0,0
X104,78,78,75,5,0,2,9,0,37,22,0,27
Q205,85,69,69,2,0,2,45,7,12,0,0,0
Q735,198,89,86,154,10,8,37,4,58,1,0,0
R057,107,68,67,23,0,0,104,0,5,19,0,0
M006,57,59,55,2,0,0,44,0,0,57,0,0
M044,111,92,91,8,0,0,80,0,5,0,0,0
X160,136,81,81,10,1,1,99,16,0,10,2,0
K139,95,92,90,0,0,0,23,0,85,0,0,0
M003,81,74,67,1,0,1,5,0,0,0,0,0
X021,76,67,63,42,3,6,40,7,13,0,0,0
K611,70,30,27,37,0,10,36,3,25,0,0,0
Q033,102,96,92,11,4,14,19,2,55,42,2,0
Q067,109,96,96,11,0,1,80,1,20,0,0,0
M883,56,16,8,50,1,3,0,0,50,0,0,0
K088,128,111,111,3,0,2,19,1,94,0,0,0
Q585,125,90,88,103,0,0,125,0,0,0,0,0
K216,84,78,70,1,0,0,12,0,49,44,0,1
Q149,102,87,87,30,0,0,5,0,87,34,0,1
M088,119,126,126,5,0,0,26,3,86,83,10,17
Q013,156,106,103,44,1,18,87,2,38,21,0,6
X109,66,61,60,2,0,1,2,0,2,0,0,0
K126,112,98,98,2,0,3,85,9,7,21,0,0
Q490,168,166,159,5,2,5,5,1,30,55,1,25
Q017,87,75,75,3,0,0,58,1,11,0,0,4
X103,90,89,89,5,0,0,34,0,21,47,0,4
Q210,163,124,122,22,0,3,114,0,19,0,1,2
Q216,118,94,94,9,0,0,81,0,6,0,0,0
X002,87,65,62,13,0,1,56,5,5,0,0,0
K108,75,75,75,3,0,0,5,0,0,0,0,0
Q037,121,82,82,2,0,15,21,1,69,0,0,20
K324,165,75,75,67,0,6,122,0,32,2,0,1
Q877,39,19,19,38,0,0,40,0,0,0,0,0
M187,77,77,77,7,0,1,31,0,18,24,0,8
R450,194,153,133,50,1,17,66,2,64,0,0,1
M134,72,59,59,1,0,4,42,0,15,0,0,0
K308,151,71,70,58,1,4,87,4,23,9,1,4
K288,86,66,66,5,0,1,69,2,7,0,0,0
K500,171,158,158,79,0,3,155,3,7,23,0,1
X781,25,16,16,1,0,0,6,2,0,0,0,0
X099,79,64,52,5,5,48,22,6,44,0,0,0
M223,36,35,34,14,4,0,16,0,3,1,0,0
K073,68,70,69,1,0,71,2,0,70,0,0,0
K590,139,82,82,111,0,0,128,0,11,0,0,0
K480,155,145,145,29,0,5,108,0,26,54,0,7
Q114,79,66,62,2,0,0,51,0,4,0,0,0
X175,61,39,39,35,0,4,32,0,18,4,0,0
M176,80,45,44,60,0,1,64,0,3,1,0,0
K333,80,61,61,3,0,1,33,0,3,0,0,0
K204,107,87,75,12,3,15,61,3,19,0,0,0
Q166,123,99,98,28,0,1,9,0,24,0,0,0
Q465,148,150,144,21,0,10,87,3,46,0,0,3
K535,107,64,62,94,0,0,88,0,0,0,0,0
R066,54,28,28,30,0,2,35,0,16,0,0,0
K093,75,67,61,6,0,0,56,4,2,8,0,0
Q072,143,111,98,13,0,2,77,6,25,0,0,0
R029,71,66,66,7,3,12,40,0,7,0,0,0
X035,54,50,49,0,0,0,0,7,47,0,0,0
Q440,187,170,156,92,0,10,105,3,12,1,0,0
K824,72,28,28,59,0,0,62,0,10,0,0,0
X096,85,102,95,52,0,13,90,1,6,0,0,51
K110,66,61,59,0,1,1,5,0,0,0,0,0
X090,93,93,92,3,0,3,19,0,52,0,0,0
X072,77,74,73,21,0,4,37,3,16,5,0,0
X839,61,28,28,51,8,3,59,0,10,0,0,0
K224,116,70,70,69,0,4,63,0,35,22,0,2
K490,159,155,144,78,0,27,33,0,21,1,0,0
K206,105,119,119,1,0,0,68,0,17,47,1,19
Q237,140,103,89,37,0,3,79,0,60,0,0,0
K241,70,68,68,6,0,1,23,0,7,24,0,7
K084,114,87,87,1,0,0,65,5,25,0,0,0
Q094,31,31,31,16,0,0,29,0,0,7,0,0
X465,86,43,43,49,0,21,78,0,2,0,0,0
Q892,54,49,44,1,0,2,7,0,30,0,0,0
Q049,122,83,83,25,0,27,11,0,90,0,0,0
K142,130,115,112,19,0,19,52,1,38,7,0,11
Q189,122,113,113,17,0,34,37,1,50,0,0,0
Q792,22,19,19,0,0,0,3,0,14,5,0,0
Q181,76,60,59,53,0,1,49,2,23,0,0,0
Q018,58,45,44,2,0,0,35,1,8,1,0,0
M108,87,79,78,57,0,0,61,2,7,0,0,0
M167,111,109,108,3,0,0,78,0,1,0,0,0
X314,43,51,41,0,0,0,2,2,53,0,0,0
Q316,78,39,39,54,1,1,25,0,4,0,0,0
K235,68,71,65,5,0,11,36,0,8,7,0,13
Q186,74,69,67,3,0,0,51,0,8,0,0,0
K319,20,8,8,6,0,0,9,0,0,0,0,6
R024,140,106,104,5,0,3,61,25,22,0,0,0
X081,62,59,55,41,6,0,19,19,0,0,7,0
K112,48,40,39,2,1,1,18,0,18,0,0,0
Q222,39,15,15,18,0,0,33,4,2,0,0,0
K062,118,107,107,0,0,5,39,0,53,0,0,1
R600,112,106,97,0,0,0,32,1,0,46,0,0
K226,108,105,103,7,0,0,48,16,15,39,0,12
Q400,199,153,150,43,0,67,40,0,44,0,0,0
X049,91,86,85,1,0,0,63,2,11,0,0,0
K735,41,42,42,1,0,3,3,0,12,0,0,0
M855,63,43,43,33,1,28,26,4,33,0,0,0
X146,68,67,67,3,0,1,25,18,23,39,2,13
K131,89,87,85,3,0,0,20,0,12,20,0,3
K229,96,87,87,48,0,2,49,0,19,25,0,0
R044,116,95,94,21,0,0,66,0,22,26,0,0
K399,53,35,35,39,0,0,32,0,19,0,0,0
K276,81,69,66,3,0,0,39,0,29,5,0,0
Q007,124,96,96,0,2,98,0,1,122,0,0,0
Q450,126,111,107,7,0,12,22,0,63,0,0,0
Q153,147,106,98,35,0,15,119,0,17,43,0,0
K264,89,44,43,53,3,2,52,20,17,0,0,0
Q225,98,71,70,2,0,0,25,5,45,0,1,0
Q120,102,90,90,31,0,4,82,0,3,21,0,73
X037,81,43,43,55,0,0,81,0,0,45,0,0
K284,88,84,82,3,0,0,67,0,1,0,0,0
X970,160,57,55,85,6,30,99,0,39,0,0,0
X101,115,110,99,3,0,0,46,1,45,43,0,51
Q172,132,113,113,5,1,1,28,26,49,0,0,0
Q003,96,48,42,44,1,13,27,0,57,0,0,0
K091,75,72,72,1,0,0,33,0,0,14,0,0
K306,96,74,73,2,0,2,49,0,36,0,0,0
X022,117,103,97,0,0,0,0,0,159,0,0,0
X112,83,63,54,3,0,0,46,21,0,1,0,0
K194,69,77,77,2,0,0,8,1,35,7,0,15
Q177,70,70,67,1,0,0,58,0,1,47,0,0
M149,62,45,45,4,0,3,17,0,35,1,3,0
K396,58,53,53,1,0,0,14,0,0,3,0,2
Q090,84,77,76,1,0,1,6,0,2,0,0,0
Q063,116,109,100,15,0,9,79,1,23,1,0,0
K137,65,58,55,2,0,0,23,0,1,0,0,0
Q253,95,50,50,73,0,0,66,0,0,1,0,0
Q566,178,89,88,123,6,19,123,3,41,0,0,0
M645,80,79,75,0,0,0,0,0,0,54,0,1
X189,110,62,62,93,0,0,57,0,52,0,0,0
Q570,110,53,53,97,4,4,102,2,6,0,0,0
R005,31,30,29,4,4,0,2,3,9,7,0,0
Q029,87,80,77,23,0,2,36,0,3,25,0,0
Q178,64,49,45,4,0,0,48,0,0,0,0,0
K059,91,82,82,2,1,0,37,17,19,0,0,0
X116,164,91,88,61,2,17,70,3,82,0,1,1
K104,67,74,72,6,0,0,23,3,3,0,0,23
X182,93,61,61,16,0,0,74,0,0,48,0,10
M615,92,82,77,61,0,8,66,1,11,0,0,0
M025,155,118,118,111,0,40,109,0,43,130,0,1
Q115,79,75,74,3,0,0,33,1,22,0,0,0
M020,80,72,72,61,0,18,61,0,18,68,0,0
X145,137,122,120,21,0,2,119,2,4,0,0,0
M281,96,45,45,62,0,2,65,0,27,0,0,0
M197,85,62,62,13,0,0,34,2,28,0,0,0
K722,110,69,69,76,0,12,71,3,24,0,0,0
X435,260,232,231,31,2,15,41,0,52,49,0,24
Q137,130,90,90,97,0,10,82,0,44,0,0,0
Q193,62,54,54,4,0,0,45,0,5,0,0,0
Q192,131,115,114,4,0,2,87,0,1,0,0,0
K058,82,64,64,1,2,0,30,2,33,0,0,0
K520,37,34,34,13,0,1,24,1,4,0,0,0
K174,76,81,81,0,0,1,7,0,1,0,0,0
K213,79,76,76,4,0,1,45,1,16,23,0,0
Q620,199,152,150,22,0,3,130,0,19,0,0,0
X077,107,102,102,0,0,2,29,0,32,67,0,0
X177,78,67,67,74,0,4,71,0,6,0,0,0
K106,52,46,46,2,0,0,15,18,12,0,0,0
Q329,48,43,42,4,0,0,33,0,0,0,0,0
Q475,154,152,151,14,0,0,13,0,18,34,0,18
X879,49,27,23,43,0,2,33,1,8,0,0,0
X163,67,35,2,50,1,1,19,4,42,0,0,0
Q173,85,74,71,40,4,5,42,3,14,0,0,0
M054,98,82,83,6,0,0,52,3,10,2,0,0
X110,87,76,75,4,0,0,73,0,5,4,0,0
K258,121,107,107,3,2,0,28,24,43,0,0,0
M192,96,85,81,43,0,0,63,0,12,1,0,2
X059,67,67,67,7,0,1,1,1,41,0,0,0
K145,81,80,80,0,0,0,3,0,24,27,0,6
K329,144,85,84,62,1,1,157,1,5,13,0,0
K040,89,73,73,3,0,0,48,0,32,0,0,0
Q690,125,68,66,91,3,22,81,5,54,0,0,0
Q140,80,79,79,3,1,1,52,0,6,37,0,10
M501,139,0,0,31,0,1,50,0,40,70,0,4
M175,82,74,74,0,0,0,64,1,8,0,0,1
M343,96,46,40,71,0,4,91,0,8,0,0,0
K384,133,108,108,50,0,0,149,0,0,58,0,0
M185,69,48,49,0,0,2,24,18,20,8,0,0
Q204,122,110,108,9,0,1,96,0,2,0,0,0
X044,77,74,72,0,0,0,2,0,0,0,0,0
K721,73,71,70,1,0,32,12,1,24,0,0,0
X150,95,77,76,4,0,0,21,5,43,0,0,0
M084,58,46,46,1,0,1,24,0,28,0,0,0
K377,115,62,62,34,0,3,80,10,30,15,0,0
Q040,104,92,92,59,4,2,54,1,12,0,0,0
R022,106,93,91,47,0,1,49,0,25,0,13,2
X147,171,109,107,43,0,13,88,0,47,0,0,0
K332,100,91,91,0,0,0,73,0,10,0,0,0
K067,117,112,108,39,0,42,69,0,10,0,0,0
K234,113,109,108,15,12,10,51,5,32,35,0,7
K580,156,135,133,10,0,3,62,2,53,0,0,0
K025,96,85,81,51,2,7,12,0,12,0,0,0
X079,137,120,119,86,1,4,0,0,0,53,1,76
M267,55,38,37,31,0,6,34,0,20,2,0,0
X042,65,61,60,1,0,0,7,0,60,0,0,0
K046,81,74,74,3,0,0,52,0,11,0,0,0
K201,103,107,100,2,0,0,35,1,41,61,0,3
K128,61,54,51,4,0,2,3,0,38,27,2,0
M096,68,67,67,3,0,0,21,0,50,0,0,0
X360,50,51,51,63,0,0,63,0,0,0,0,0
X131,125,88,86,9,0,4,69,0,33,0,0,0
R032,95,83,83,3,0,0,36,0,41,0,0,0
X368,98,81,81,94,0,8,62,0,40,7,0,0
K310,57,31,30,4,0,30,16,0,38,0,0,0
K615,133,104,104,46,0,21,22,0,34,0,0,0
K269,75,73,73,3,0,0,39,0,25,0,0,0
X007,69,63,63,1,0,0,59,0,0,65,0,0
Q127,108,105,105,4,0,0,72,0,11,45,0,10
K151,52,48,48,13,0,0,2,0,0,0,0,0
Q035,77,69,67,25,0,15,24,0,21,0,0,0
K682,40,36,36,4,0,5,8,1,6,0,0,0
M440,188,187,184,38,0,2,46,0,15,47,0,42
Q175,79,65,65,1,0,1,20,2,42,0,0,0
K176,104,98,91,1,1,26,13,4,59,21,0,4
K390,180,105,103,31,0,21,61,0,84,0,0,0
Q891,62,14,14,62,0,0,62,0,0,0,0,0
M013,138,113,112,2,0,1,4,0,90,0,0,0
K369,46,44,42,0,0,0,5,0,9,0,0,0
K061,118,98,98,2,0,1,87,0,3,0,0,0
K485,115,106,101,16,12,76,13,6,75,0,0,0
X045,98,93,93,0,1,3,55,2,17,0,0,0
M161,74,77,77,1,0,0,3,0,1,0,0,1
K227,111,118,114,7,0,0,82,0,10,67,2,2
K198,65,58,58,15,1,7,29,0,29,4,0,11
K020,87,75,76,46,0,5,39,0,26,33,0,21
M191,61,63,58,2,0,0,54,0,6,36,0,1
Q073,152,130,129,11,0,8,16,0,83,29,0,17
K090,57,56,56,3,0,0,44,0,5,2,0,0
Q972,35,11,11,23,0,4,32,0,5,0,0,0
Q021,128,89,88,7,13,12,59,21,30,0,0,0
M099,114,109,102,0,0,0,34,2,38,10,0,42
X106,128,102,98,32,21,1,39,19,14,18,0,4
X154,85,59,59,3,0,1,50,1,21,1,0,0
K223,113,123,120,4,0,1,31,0,43,57,0,10
Q445,200,199,197,3,0,8,7,0,16,2,0,104
K117,99,100,97,5,0,1,52,2,37,0,0,0
K001,97,73,73,3,2,1,55,2,15,0,0,0
K257,84,65,65,0,0,0,32,20,21,2,0,0
R840,75,24,24,74,0,0,72,0,3,0,0,0
M132,76,76,76,0,0,0,7,0,0,0,0,0
Q239,102,68,58,69,1,4,106,0,1,0,0,0
Q201,73,63,62,3,0,0,44,0,15,0,0,0
M066,63,56,46,44,0,3,33,0,14,0,0,0
K909,102,50,50,75,0,5,69,0,23,0,0,0
K486,80,79,79,39,2,8,1,0,50,6,0,3
Q499,106,49,47,79,0,7,28,0,12,0,0,0
K069,91,66,66,77,0,3,77,0,15,0,0,0
K293,147,125,125,6,0,4,87,4,35,4,0,3
Q068,89,82,79,37,0,1,57,2,12,0,0,0
K763,46,37,36,0,0,1,10,0,22,0,0,0
R470,33,33,31,0,0,0,1,0,0,0,0,0
M130,83,78,78,55,7,4,16,1,62,47,0,0
X105,106,102,97,25,6,56,36,6,43,12,13,44
X016,41,43,43,1,0,1,3,0,40,0,0,0
K211,112,105,104,0,4,5,16,7,31,0,0,0
K849,47,51,51,0,0,0,34,0,0,1,0,0
M017,72,69,68,3,0,3,2,0,3,54,0,1
K620,145,119,119,30,0,2,63,0,40,0,0,0
K054,79,81,81,7,0,0,7,0,57,2,0,0
K289,103,76,75,2,0,1,41,7,33,0,0,0
M116,76,66,66,2,0,0,59,0,3,0,0,0
K002,153,94,89,89,1,63,20,0,123,0,0,0
Q086,86,66,62,1,0,10,72,0,11,0,0,0
Q203,93,77,75,4,0,0,67,0,0,0,0,0
K086,47,42,39,0,0,0,1,0,1,0,0,0
K236,84,68,68,3,0,0,57,0,5,22,1,0
X162,157,129,129,14,0,4,108,0,37,0,0,0
M072,81,77,74,12,21,19,36,11,8,0,0,0
X040,92,77,76,3,0,0,42,10,22,2,0,0
R055,79,48,49,0,0,0,47,0,15,4,0,1
M445,192,189,185,19,0,6,51,0,42,1,0,0
M004,92,63,63,72,2,8,52,1,9,0,0,0
Q005,161,111,111,128,1,31,122,1,46,0,0,0
K178,86,85,85,1,0,59,3,1,52,0,0,0
M061,97,88,87,4,0,1,1,0,1,0,0,0
K291,194,95,95,120,1,18,82,17,122,0,0,0
R071,109,67,64,78,0,4,31,0,72,64,0,0
M480,177,172,169,22,2,88,4,6,10,0,0,1
M199,61,58,58,2,0,1,6,0,1,0,0,4
M129,84,72,72,3,0,0,51,11,4,0,0,0
K366,44,43,42,39,5,3,17,26,8,2,0,0
Q179,63,47,46,3,0,0,45,0,0,1,0,1
R039,59,50,48,6,0,0,42,1,6,20,0,2
M034,49,43,42,1,0,0,26,1,16,1,0,0
Q799,27,24,24,22,0,0,8,0,0,0,0,0
M263,92,52,42,60,0,3,51,0,29,1,0,0
Q105,96,76,76,28,0,3,67,0,12,0,0,0
Q174,62,54,54,36,0,0,45,0,0,0,0,0
X121,101,83,83,52,1,6,65,1,8,0,0,0
X425,279,263,235,27,3,18,28,4,166,76,0,0
K132,86,52,52,44,2,16,17,4,56,0,0,0
K272,64,66,65,2,0,0,2,1,1,46,1,8
Q290,77,66,55,82,3,1,94,3,12,39,0,1
X064,96,87,82,11,0,6,57,0,9,0,0,0
Q056,49,42,41,26,0,6,36,0,2,0,0,0
K435,184,155,140,12,0,23,22,0,121,0,0,0
Q133,69,68,68,1,0,0,62,0,5,19,0,7
K162,70,65,61,0,0,34,6,0,13,0,0,0
Q074,123,101,97,5,0,3,93,5,4,0,0,0
Q075,67,54,54,6,0,0,29,0,34,0,0,0
M510,89,88,87,3,0,0,3,0,13,0,0,2
K798,102,54,52,81,0,15,17,0,81,0,0,0
K852,35,26,26,13,0,0,16,0,6,0,0,0
K422,155,99,90,143,0,8,137,0,30,0,0,0
K274,77,63,63,0,0,0,0,52,0,0,0,0
M535,241,80,66,150,0,79,172,3,74,23,0,0
K021,115,81,81,5,0,2,59,1,34,5,0,0
K237,143,91,86,65,1,41,43,28,67,0,0,0
Q410,322,233,228,52,1,17,153,5,86,0,0,1
Q112,67,57,57,3,0,0,52,1,0,0,0,0
R008,66,60,59,4,0,0,21,0,29,9,0,0
Q143,82,71,68,2,2,51,46,1,22,14,0,6
Q150,103,105,105,35,0,0,69,6,1,23,0,11
X001,90,67,67,4,0,1,31,0,27,0,0,0
K185,60,61,61,3,0,38,39,0,5,0,0,0
K298,74,73,73,3,0,8,33,29,13,0,0,1
M340,95,66,64,79,0,6,77,0,17,0,0,0
Q232,83,67,67,5,1,0,31,12,20,0,0,0
X033,60,55,42,0,0,0,0,0,0,47,0,1
Q107,60,61,60,0,0,14,0,0,55,0,0,58
M064,113,105,96,8,0,0,84,0,0,0,0,0
Q885,69,22,14,48,0,18,32,0,32,0,0,0
K217,107,98,98,59,1,29,59,1,37,0,0,1
M089,99,54,54,44,0,1,37,0,18,37,8,0
K364,27,9,9,22,0,3,29,0,4,0,0,0
X082,112,101,98,0,0,0,15,0,3,0,0,66
Q154,105,88,87,5,0,0,57,6,2,17,0,0
X440,282,273,259,12,0,8,58,0,44,3,0,165
X084,131,100,100,70,0,2,80,0,34,0,0,0
M145,84,70,70,3,0,0,64,1,4,0,0,0
K420,238,246,246,18,0,60,36,0,60,10,0,65
K171,93,88,87,4,0,0,21,0,1,0,0,0
Q062,96,76,76,18,0,0,72,0,5,0,0,0
Q244,55,27,27,14,0,21,13,0,40,0,0,0
M083,80,67,67,3,0,0,66,0,0,0,0,0
X400,189,133,99,3,0,80,6,1,130,9,1,1
Q042,158,125,120,116,0,1,47,0,87,0,0,0
K232,103,115,115,0,0,0,8,0,0,98,0,0
K180,103,104,96,2,0,0,64,1,14,1,0,0
X093,71,63,64,3,0,0,7,1,32,0,0,19
Q190,104,93,93,6,0,0,48,1,19,1,0,0
K225,116,116,112,4,0,0,14,0,72,74,0,0
Q230,83,47,47,53,0,10,30,0,48,0,0,0
K138,118,112,108,0,0,1,3,0,21,0,0,0
Q113,97,65,59,44,1,2,59,25,5,16,1,1
M052,119,118,118,18,30,16,50,23,32,20,0,0
K834,28,28,25,0,0,0,1,0,1,0,0,0
K309,92,73,73,4,0,0,68,3,2,0,0,4
M115,94,89,84,0,0,92,33,1,38,0,0,0
M070,145,107,111,4,0,0,21,0,0,91,2,5
Q134,68,68,68,0,0,0,2,0,51,0,0,0
Q270,103,55,55,71,0,9,73,0,33,0,0,0
K292,162,132,132,15,0,0,124,4,9,0,0,0
X043,108,104,103,2,0,6,1,0,74,0,0,0
Q071,83,83,83,1,0,2,0,0,66,0,0,0
X058,69,67,67,0,0,0,3,1,43,0,0,0
Q095,94,96,94,11,0,19,26,1,23,17,3,13
X235,104,71,64,32,0,15,37,0,61,39,0,7
X152,84,61,59,9,0,7,39,0,30,15,0,0
Q050,110,79,77,45,1,31,61,2,44,0,0,0
X122,69,60,49,10,0,4,45,0,11,13,0,2
M874,52,30,28,36,0,6,8,0,30,2,0,0
X026,122,95,92,24,0,27,38,4,47,14,0,3
M079,95,68,68,10,0,0,60,7,6,0,0,0
R455,279,237,231,27,0,4,173,5,34,0,0,0
X600,131,128,126,15,1,12,37,1,53,11,0,42
K564,195,93,94,136,0,24,71,0,116,1,0,0
K255,78,63,63,1,0,1,48,0,1,0,0,0
K027,92,83,81,3,0,0,52,4,18,10,0,10
Q725,144,83,83,112,0,6,99,1,42,0,0,0
K271,107,117,117,16,0,3,125,0,2,0,0,0
K191,74,71,71,5,0,0,40,0,7,5,0,38
Q207,88,73,72,2,0,1,64,1,6,4,0,0
R034,120,112,106,4,0,0,74,2,2,31,0,4
K154,47,45,41,0,1,0,4,1,8,1,0,0
K222,86,86,86,4,0,0,49,0,7,42,0,10
X193,205,104,104,46,0,26,29,0,151,0,0,0
M123,101,82,82,3,0,1,82,4,0,0,0,0
Q451,20,15,14,0,0,3,6,0,0,0,0,0
X078,88,91,90,1,0,52,3,0,53,3,0,4
M121,81,72,72,4,0,0,39,0,13,0,0,0
K092,111,94,92,27,0,1,34,1,24,0,0,1
M042,77,72,67,0,0,0,5,0,0,0,0,0
K805,161,126,126,46,1,22,82,1,32,0,0,0
M475,155,128,126,4,0,5,73,1,19,0,0,0
K331,95,51,51,36,5,35,3,2,87,0,0,0
M040,91,90,90,11,1,0,42,9,7,0,0,0
R036,86,69,69,8,0,0,57,0,15,16,0,1
Q124,73,72,69,67,0,3,55,0,7,0,0,0
Q226,216,112,112,106,0,20,155,8,47,66,2,6
Q460,230,199,175,21,0,4,61,0,35,0,0,0
X060,87,84,84,50,0,3,29,0,42,69,0,0
K400,215,205,188,14,0,12,31,0,124,84,0,11
K781,29,27,27,0,0,0,9,0,4,0,0,0
X139,120,105,105,2,0,4,23,3,67,0,0,0
X153,134,53,53,108,0,9,120,0,13,0,0,0
R040,50,46,45,0,0,0,12,0,29,0,0,0
K159,68,65,64,4,0,1,7,0,4,1,0,0
K307,97,74,74,3,1,0,53,14,15,0,0,4
X144,145,115,115,12,0,4,74,0,52,0,1,0
Q405,199,189,188,19,0,5,85,2,37,11,0,81
X003,93,60,60,72,0,0,85,0,10,0,0,0
K874,35,35,34,0,0,0,0,0,2,0,0,0
Q141,112,110,109,5,0,0,81,0,0,7,0,24
K127,51,49,45,0,0,1,8,0,1,0,0,0
X111,103,79,77,1,0,0,41,3,48,0,0,0
M092,97,76,73,1,1,4,43,18,13,0,0,0
K281,118,112,111,8,1,1,98,2,3,0,0,0
R030,77,74,74,4,1,0,26,0,12,30,0,19
Q183,99,65,65,63,0,0,80,0,1,0,0,0
X420,143,130,125,8,2,100,10,0,34,0,0,0
M047,137,119,117,70,0,4,76,0,40,32,0,0
R075,214,98,98,72,0,3,184,2,14,1,0,0
X655,117,117,117,74,0,11,43,0,47,0,0,0
X075,118,120,119,1,0,80,14,0,76,4,0,1
K068,118,103,103,1,0,0,1,0,0,1,1,106
K011,83,67,67,3,0,0,51,5,10,0,0,0
R051,113,92,92,5,0,1,25,0,62,0,0,0
K116,49,49,49,1,0,0,1,0,0,0,0,0
K038,86,67,65,3,0,1,40,0,24,6,0,1
Q066,56,44,42,13,0,0,23,0,0,1,0,0
M841,69,62,62,48,0,6,16,0,55,0,0,2
K055,139,109,109,4,0,8,37,4,74,0,0,0
X083,86,87,87,1,0,0,3,0,55,46,0,1
X283,40,31,0,9,0,28,4,0,13,27,0,0
K314,160,74,74,100,0,1,30,0,112,13,0,0
R018,80,69,69,9,0,0,66,0,0,1,0,1
K265,88,90,90,7,0,0,26,7,47,0,0,0
R046,53,49,47,3,0,0,30,0,3,10,0,0
K219,103,106,106,4,2,0,63,0,14,63,0,3
K397,48,38,25,39,0,0,63,0,0,0,0,0
X129,91,71,71,4,0,2,34,10,29,0,0,0
K115,107,97,95,25,0,8,70,2,5,18,0,3
X878,52,32,31,29,11,6,11,1,28,0,0,0
K121,37,41,40,1,0,0,17,0,6,23,0,1
Q223,123,79,79,15,0,0,81,0,36,0,0,0
Q262,74,39,41,40,0,1,25,0,10,0,0,0
Q121,88,88,82,1,0,0,36,0,26,38,2,4
K254,82,67,67,21,2,5,29,14,20,19,0,3
R048,46,38,35,0,0,0,1,0,20,7,0,4
Q206,64,57,57,36,0,10,37,0,21,0,0,0
Q131,55,52,51,2,0,7,14,4,18,0,0,18
R003,77,50,50,8,2,0,46,0,27,0,0,0
R059,60,49,44,6,2,0,9,2,6,0,0,0
M490,276,0,0,185,0,76,32,0,225,0,0,0
Q202,128,99,98,6,0,2,101,0,5,0,0,0
K814,63,38,33,49,0,5,27,0,50,0,0,0
X229,178,66,44,162,0,0,38,0,0,0,0,0
Q119,100,101,101,24,0,11,59,0,15,0,0,36
X138,60,55,55,2,0,0,45,0,3,0,0,0
M206,87,71,71,1,0,0,69,0,4,0,0,0
K017,59,63,63,0,0,60,0,0,62,0,0,0
K247,71,70,65,4,0,0,39,0,1,35,0,2
X024,91,86,86,10,0,6,31,0,40,3,0,3
X052,125,114,108,4,0,0,52,1,26,0,0,0
Q185,100,93,93,4,0,1,64,0,13,0,0,0
M824,48,35,34,56,1,0,9,3,23,32,0,0
K066,107,63,63,75,0,9,64,0,39,1,0,1
M090,156,105,81,137,3,12,113,0,29,0,0,0
R006,104,60,56,90,0,0,85,2,10,0,0,0
Q093,137,110,109,61,1,34,64,1,42,0,0,0
X015,127,102,102,113,0,0,141,0,0,0,0,0
K252,88,94,86,9,1,2,27,0,15,37,0,11
M002,97,83,83,2,0,1,74,0,4,0,0,0
K845,93,79,75,0,0,1,23,0,28,0,0,1
X211,44,40,38,17,0,0,16,0,5,31,0,0
M465,198,184,184,63,0,71,55,2,36,0,0,0
X886,35,21,20,25,0,6,25,0,10,1,0,0
M063,80,74,74,1,0,0,8,0,13,0,0,0
K022,118,72,71,85,0,30,89,0,26,0,0,0
M098,99,98,98,20,0,37,54,0,26,0,0,12
K026,133,100,100,4,1,1,62,5,34,0,0,0
K052,90,89,89,0,0,0,42,1,42,0,0,0
M834,199,74,69,156,5,5,133,3,37,0,0,1
K440,224,183,183,89,0,111,150,0,58,0,0,0
K238,104,101,94,3,0,1,3,4,48,44,0,7
M007,75,58,57,4,0,0,15,0,41,0,0,1
M005,120,76,76,70,0,36,48,1,49,0,0,0
Q228,47,22,21,29,0,0,31,0,15,0,0,0
M837,75,42,40,61,0,33,54,0,29,0,0,0
K015,93,65,65,7,0,0,77,0,8,11,0,1
M060,104,98,98,0,0,80,0,1,83,0,0,1
X650,124,123,123,11,0,23,20,0,85,63,0,14
R031,69,59,59,2,0,1,43,1,11,3,0,0
R460,226,177,165,30,1,5,110,0,93,0,0,0
K268,64,66,66,1,0,0,42,0,0,6,0,0
Q132,45,47,47,0,0,1,0,0,30,0,0,20
Q485,217,220,217,19,0,6,34,0,12,33,1,49
Q111,80,72,71,50,1,0,25,1,0,0,0,0
M807,46,15,13,34,0,8,2,0,1,0,0,0
K495,181,150,150,31,0,0,93,12,52,1,1,1
K214,82,81,81,2,0,1,8,0,29,41,0,0
K405,171,164,163,14,0,0,88,0,7,8,0,3
K114,96,97,96,33,0,1,54,0,6,0,0,0
M338,72,46,45,3,16,46,1,1,70,0,0,0
K328,106,85,83,24,0,1,79,0,6,0,0,0
M154,99,76,76,5,0,0,72,2,0,0,0,0
Q425,234,193,191,206,0,18,205,0,10,0,0,0
K094,102,92,88,1,0,39,34,1,31,3,0,0
K008,63,50,49,15,0,5,36,0,18,0,0,0
M905,22,14,14,0,0,0,2,0,3,0,0,0
K356,102,81,76,85,0,4,15,0,85,0,0,0
R035,32,27,27,0,0,0,13,2,14,0,0,0
Q229,156,97,97,22,0,0,93,6,19,0,0,0
K321,100,75,75,3,2,1,26,29,24,0,0,4
X460,135,64,57,64,0,53,11,5,111,0,0,0
M110,55,56,55,0,0,0,5,1,8,0,0,0
Q200,72,63,63,5,0,0,50,0,2,0,0,0
M868,66,59,57,55,6,8,35,24,10,0,0,0
R023,70,56,55,4,0,0,57,0,2,3,0,0
Q058,134,79,78,90,1,5,98,0,34,0,0,0
M104,85,80,80,5,0,0,8,0,1,4,1,0
M097,84,70,65,2,0,0,55,0,2,0,0,0
K041,99,85,78,12,0,0,59,3,20,0,0,0
X173,55,35,35,18,3,21,4,2,46,33,0,1
X455,415,289,288,133,72,92,68,12,317,16,2,188
Q085,48,48,47,1,0,0,23,0,3,0,0,0
Q219,82,66,62,21,0,11,65,0,10,0,0,22
K181,137,108,108,102,3,12,17,1,113,0,0,35
Q849,128,105,105,36,0,1,45,0,11,0,0,0
X445,247,163,163,40,4,6,99,8,89,0,1,1
K085,57,46,46,0,0,0,8,2,28,0,0,0
Q041,62,63,58,9,0,2,48,1,7,14,0,3
K273,79,73,73,2,0,0,58,0,12,0,0,0
R019,66,61,59,1,0,0,21,0,23,8,0,14
K119,48,43,40,0,0,0,6,0,2,1,0,0
X973,51,31,30,34,1,2,34,5,9,0,0,0
X722,66,39,40,52,0,14,73,0,4,0,0,0
M048,97,82,82,36,0,0,70,6,8,34,0,0
X158,204,121,121,64,0,1,184,0,0,0,0,0
Q125,166,149,146,49,0,14,105,0,22,66,2,2
M600,171,177,176,137,0,0,127,1,0,0,0,13
K097,69,65,62,0,0,16,29,0,15,18,0,8
M814,88,53,52,58,0,1,48,0,22,0,0,0
K460,216,187,174,1,0,91,9,4,76,0,0,0
M001,71,71,69,1,0,0,31,0,13,0,0,0
M169,62,23,23,57,0,0,51,0,0,25,0,0
X014,118,85,83,56,0,36,68,9,15,5,1,17
Q180,127,92,92,18,0,5,86,0,3,62,0,8
Q135,112,95,91,21,0,5,81,1,11,8,0,10
X292,76,35,31,22,3,25,44,1,44,0,0,0
K158,72,69,69,3,0,0,10,0,0,1,0,0
K107,53,45,45,1,0,4,14,0,27,0,0,0
X047,83,75,75,1,0,2,1,0,8,0,0,0
K051,112,91,90,6,0,2,63,1,5,0,0,0
K130,59,48,43,4,0,4,33,0,12,0,0,0
X069,39,37,36,3,0,23,7,0,27,0,0,0
M912,198,75,71,176,0,3,182,0,16,0,0,0
R038,39,31,31,15,0,0,16,0,16,0,0,0
Q163,109,87,78,31,0,6,52,0,40,16,0,8
X254,50,44,44,50,0,9,50,0,9,2,0,0
Q064,64,58,56,5,0,0,29,0,14,22,0,4
X148,133,106,105,1,0,9,18,0,94,0,0,0
X119,55,51,52,1,0,0,30,0,12,14,0,1
Q159,67,65,63,0,0,0,44,0,0,2,0,34
M112,96,47,47,6,0,0,49,0,33,1,0,0
X065,78,75,75,0,0,73,0,0,73,0,0,0
X192,122,103,96,24,0,2,101,0,16,11,0,1
X183,170,95,94,37,0,22,46,0,105,6,0,15
K010,89,85,78,5,2,2,37,2,14,1,0,0
M646,81,66,66,45,0,12,41,0,34,0,0,0
X113,147,151,145,23,0,1,49,0,6,52,0,20
K316,94,81,79,0,0,3,37,0,32,0,0,0
M625,181,167,165,1,0,7,90,0,25,0,0,0
K075,47,45,45,33,0,3,42,0,5,0,0,0
R045,68,65,65,9,0,0,17,0,37,30,0,9
M451,65,30,29,61,1,1,62,9,11,0,0,0
Q142,104,111,111,52,3,12,34,0,20,24,3,2
Q012,93,81,81,25,0,2,66,0,7,15,3,10
K170,99,82,78,18,0,36,33,0,4,0,0,0
Q102,147,79,79,52,0,23,27,0,112,0,0,0
M143,126,111,108,2,0,5,51,25,30,0,0,0
Q079,104,76,76,11,0,0,83,0,1,36,0,0
R011,49,46,44,5,1,9,26,1,2,11,0,0
X862,13,9,9,7,2,0,0,0,13,0,0,0
Q052,61,66,66,2,1,0,19,1,23,29,0,0
M207,81,68,68,2,1,2,20,0,46,2,2,5
K860,33,11,9,17,1,1,13,4,8,0,0,1
Q156,93,95,94,39,1,1,46,1,18,16,0,5
K304,87,66,66,3,0,1,67,3,3,0,0,0
K045,101,76,76,11,0,0,89,0,2,1,0,0
R435,288,126,121,136,0,5,182,0,50,35,0,0
K458,131,116,106,98,0,5,91,1,32,0,0,0
K296,118,114,113,10,0,0,96,1,10,1,0,0
K044,78,71,71,48,0,6,12,12,42,0,0,0
K161,78,83,83,1,1,3,0,7,55,0,0,0
K917,73,32,32,50,0,22,13,0,37,0,0,0
K012,97,66,66,54,3,10,8,0,23,0,0,0
K197,108,109,107,31,0,2,8,0,73,0,0,0
Q456,76,7,7,73,0,0,72,0,0,73,0,0
Q231,96,83,83,6,0,3,61,1,31,0,0,0
K278,100,94,94,3,0,1,37,1,39,0,0,0
Q721,154,105,101,50,5,61,64,3,63,0,0,0
Q082,65,45,44,11,0,5,39,0,13,12,2,0
Q520,110,62,61,91,0,1,99,5,6,0,0,0
X029,84,81,81,1,0,0,44,31,8,0,38,1
M117,130,107,107,12,0,1,102,0,1,0,0,0
R020,48,37,37,7,0,2,19,0,13,0,0,0
Q164,70,62,62,41,0,1,40,0,13,0,0,0
X134,91,72,72,4,0,0,30,18,29,0,0,4
M146,84,68,68,6,0,0,33,0,28,6,0,0
X066,115,109,109,44,0,24,68,0,17,0,0,0
K398,125,33,31,80,0,46,100,0,26,0,0,0
X285,63,38,34,35,3,18,6,0,53,0,0,1
K250,84,68,68,0,1,0,37,16,17,4,0,0
X068,78,68,65,3,0,4,8,0,25,0,0,9
K410,163,166,166,17,0,2,114,0,8,93,0,0
X117,106,106,101,7,0,3,60,0,13,0,0,0
R440,138,128,127,12,0,1,65,0,40,21,0,25
M751,51,50,49,0,0,0,0,0,0,0,0,0
Q101,58,55,54,0,0,0,39,0,2,0,0,0
Q129,82,71,71,29,0,0,78,0,1,24,0,0
K554,55,32,29,34,7,3,13,39,10,0,0,0
K033,152,116,115,6,1,0,73,13,25,0,0,0
M107,25,25,25,10,0,0,3,0,0,0,0,0
Q160,73,76,74,1,0,3,26,0,16,33,0,6
X087,55,47,40,4,0,33,8,0,31,9,1,23
Q034,46,50,47,2,0,3,18,1,2,12,0,0
M056,103,95,95,6,0,3,74,0,10,84,2,7
Q277,103,39,36,78,0,0,67,22,9,0,0,4
M488,236,133,132,171,0,9,16,0,50,0,0,0
M816,52,47,45,0,0,0,30,1,0,0,0,0
Q097,65,57,57,12,0,32,51,0,4,0,0,0
R049,93,82,82,10,1,1,2,0,87,1,0,0
X067,107,103,103,61,0,0,69,0,16,4,0,1
M087,64,63,63,1,0,0,5,0,0,2,0,0
X166,178,111,111,26,6,16,58,12,71,0,0,0
K317,110,72,72,79,0,3,101,1,9,0,0,0
X095,149,128,122,34,0,0,5,0,0,56,53,4
Q199,76,59,59,0,1,1,22,18,18,2,0,2
R831,44,40,40,2,0,0,22,0,5,0,0,0
Q335,79,53,52,63,0,0,74,0,0,0,0,0
M075,86,71,69,3,0,3,54,0,15,0,0,0
M342,89,53,48,65,0,0,65,0,4,0,0,0
Q311,88,69,60,69,0,1,81,0,8,59,0,0
M153,167,86,86,19,0,20,89,0,50,19,0,6
Q245,71,39,39,36,0,3,30,0,40,0,0,0
X174,146,99,99,0,0,0,24,2,71,82,0,1
Q292,126,70,70,79,8,13,81,10,46,0,0,0
K013,123,89,88,30,0,25,62,0,65,12,0,0
Q238,149,142,142,0,0,0,141,0,0,0,0,0
M477,299,193,162,106,0,45,229,0,52,132,0,21
Q157,125,112,112,1,0,0,86,0,35,2,0,0
M840,27,17,15,1,0,0,24,0,0,0,0,0
K095,87,82,80,25,0,0,36,0,0,17,0,0
Q221,80,66,66,4,0,1,32,5,17,0,0,0
X470,92,80,76,3,0,5,6,0,59,0,0,0
Q098,39,39,38,2,0,0,19,0,8,10,0,4
K007,114,70,70,58,0,34,32,0,80,0,0,0
X209,34,26,21,5,0,0,0,0,29,20,0,0
K050,113,97,97,4,0,2,70,3,26,0,0,1
Q024,124,88,87,48,0,13,78,0,25,17,0,0
Q130,55,54,53,5,0,2,43,0,8,15,0,0
Q398,60,45,44,41,0,0,36,0,22,0,0,0
K071,155,119,119,8,0,0,128,0,5,0,0,0
Q147,73,74,74,21,0,9,22,0,2,17,1,0
Q070,138,104,102,68,2,24,63,0,62,0,0,0
K035,75,76,76,47,0,2,45,0,9,0,0,24
Q339,86,54,52,71,0,4,81,0,13,0,0,0
K282,91,71,71,5,0,2,44,15,19,0,0,0
K804,101,82,79,3,0,5,19,0,7,0,0,1
R722,50,41,40,5,0,0,24,0,6,0,0,19
X055,107,106,101,0,0,1,26,0,70,0,0,0
Q054,48,47,47,25,1,2,16,2,4,1,0,0
K987,116,58,56,93,0,13,84,0,33,0,0,0
X089,95,95,95,15,0,1,56,1,19,55,0,5
M163,69,59,59,4,0,0,54,0,0,0,0,0
X130,59,51,51,0,0,0,48,0,0,1,0,0
Q088,103,74,70,41,1,33,49,0,46,21,1,0
X071,114,112,109,0,0,106,1,0,105,35,0,6
Q415,222,139,136,46,0,0,170,1,6,0,0,0
K019,94,77,76,5,0,0,45,10,18,0,0,0
K120,101,80,78,4,0,0,82,0,0,0,0,0
Q122,99,99,99,1,0,0,67,2,1,45,0,21
K049,157,144,144,5,0,0,101,2,8,0,0,0
Q139,68,61,60,16,1,11,39,0,14,25,0,0
M113,110,98,91,0,0,2,1,0,28,69,0,7
K057,110,91,91,12,0,0,28,5,58,0,0,0
K335,138,96,96,2,0,0,74,13,20,0,0,0
X859,38,3,1,43,0,2,7,0,3,0,0,0
X340,85,65,64,76,0,11,66,0,42,0,0,0
K113,122,111,111,5,0,2,59,2,29,0,0,0
X019,48,46,46,0,0,1,11,0,24,18,0,3
Q650,98,62,60,53,0,31,46,0,50,0,0,0
K016,84,81,81,33,3,27,25,2,29,0,0,0
X358,26,15,2,19,0,0,26,0,0,0,0,0
Q155,82,70,69,6,0,2,48,0,3,30,0,1
K285,80,83,83,7,0,0,25,27,4,0,0,0
X198,138,74,74,40,0,1,86,0,35,10,0,2
X205,79,44,43,23,0,3,37,0,16,7,0,0
X025,64,61,55,0,0,0,1,1,4,0,0,0
Q126,98,98,95,1,0,0,17,0,0,18,2,35
K190,74,72,72,75,0,17,93,0,2,1,0,0
K430,327,317,317,8,3,12,56,21,29,152,6,17
R056,92,58,57,55,0,24,50,0,34,0,0,0
K728,31,25,25,0,0,0,4,0,2,0,0,0
M495,58,58,41,2,0,18,1,0,11,0,0,0
K913,80,31,31,79,0,4,70,0,6,0,0,0
R016,96,76,75,4,0,0,69,3,11,1,0,3
X036,71,64,64,56,0,2,44,1,0,13,0,0
R043,164,115,73,155,0,0,45,0,7,0,0,0
X102,141,131,125,89,0,22,133,2,7,18,0,1
M446,61,61,54,4,0,3,5,0,0,0,0,0
X092,94,90,87,10,2,0,52,1,3,0,0,0
X826,40,27,23,28,0,1,34,0,1,0,0,0
M282,177,137,86,122,0,14,19,0,111,1,0,0
Q061,187,127,124,41,2,7,109,3,39,0,0,1
X048,82,81,67,0,0,46,5,1,64,0,0,0
K220,96,99,99,0,0,0,32,9,27,0,0,52
K153,48,53,53,0,0,0,10,0,0,0,0,0
Q148,93,95,94,31,0,0,60,0,11,28,0,3
M144,60,58,57,1,36,0,2,42,0,0,0,0
M180,69,70,69,2,36,0,1,45,0,0,0,0
Q217,125,108,106,8,0,0,52,10,37,0,0,0
X311,70,39,39,3,0,9,20,0,36,0,0,0
M045,112,109,109,8,0,6,79,0,37,1,0,0
M194,68,67,67,5,0,1,10,1,2,9,0,0
K210,92,93,90,0,0,0,54,0,12,43,0,15
K391,168,66,66,120,0,1,181,0,4,0,0,0
X126,80,70,73,2,0,0,48,0,16,0,0,0
K287,71,65,65,1,0,0,54,0,0,5,0,0
K445,181,156,154,20,5,76,9,3,64,0,0,0
X240,180,91,79,102,23,25,27,6,128,0,0,0
Q123,68,68,68,4,0,0,55,0,2,37,0,9
R013,79,54,52,58,0,8,62,0,14,0,0,0
M896,23,20,16,8,1,11,10,1,13,0,0,0
X054,79,58,57,31,0,1,73,0,5,45,0,0
M124,104,55,55,14,12,8,50,20,35,15,0,2
K102,118,119,105,8,1,0,31,5,4,0,0,0
M173,101,93,93,2,0,3,15,0,65,0,0,48
K383,159,94,94,77,3,0,136,50,1,39,0,2
K297,86,68,68,23,0,6,51,0,15,0,0,0
K029,85,78,78,21,0,28,60,0,4,1,0,0
Q744,238,134,126,108,6,106,37,6,189,51,3,13
X415,208,205,195,16,0,12,96,2,29,23,2,47
K202,99,104,104,3,0,0,77,0,3,68,0,1
M188,128,125,125,0,0,0,12,0,45,0,0,0
Q081,74,73,73,0,0,0,19,0,23,0,0,0
K212,77,77,73,5,0,5,33,2,5,0,0,0
M894,67,0,0,61,3,2,1,1,53,0,0,0
Q435,234,186,186,43,0,0,187,6,0,0,0,0
Q010,85,83,81,21,0,0,41,0,3,0,0,48
X098,132,121,107,14,0,0,74,3,14,43,0,27
M133,69,63,63,36,0,1,36,0,20,0,0,0
M620,181,50,0,159,18,5,152,4,16,0,0,0
K515,257,210,210,19,0,1,170,6,24,0,0,0
M323,138,65,58,110,0,4,104,0,41,0,0,0
R060,127,75,75,30,0,0,52,0,60,24,2,1
X011,64,64,61,0,0,0,0,0,97,0,0,0
Q184,52,43,43,21,0,0,42,0,0,36,0,0
X120,100,93,92,6,1,0,32,42,15,0,0,0
K147,102,103,102,1,0,0,7,0,6,1,0,0
Q260,118,72,64,37,1,58,34,1,85,0,0,6
Q020,124,94,81,82,0,8,100,0,14,36,0,1
X100,74,66,60,6,0,0,58,6,0,0,0,0
Q162,62,58,58,2,1,0,23,3,9,0,0,19
K101,137,90,74,26,0,14,55,0,45,28,0,3
Q220,64,48,48,24,0,21,40,0,15,0,0,1
K193,75,74,74,19,0,23,8,0,61,0,0,0
X062,85,83,83,7,0,53,0,0,78,0,0,0
Q636,51,50,50,0,0,5,0,0,5,0,0,0
M102,81,70,70,4,0,0,60,0,1,0,0,0
Q774,30,16,16,25,1,3,24,0,6,0,0,0
M198,77,77,77,4,0,2,8,0,63,0,0,0
K136,111,98,92,2,0,3,71,3,1,1,0,0
X056,95,46,44,36,0,24,42,0,30,0,0,0
Q505,273,152,152,59,0,14,113,0,83,0,0,0
K660,137,107,104,49,0,98,70,0,80,0,0,0
K096,118,122,120,6,0,0,69,0,12,0,0,76
Q099,66,49,49,36,10,1,28,7,9,1,2,1
Q868,54,20,0,53,0,0,30,0,0,53,0,0
Q118,60,64,61,3,0,2,15,0,11,17,0,25
M932,49,36,17,39,0,2,5,0,32,11,0,0
R052,64,59,58,9,0,0,49,0,9,0,0,0
X779,41,35,33,3,0,1,4,0,16,0,0,0
Q739,42,39,39,10,0,0,1,0,14,0,0,0
K072,165,110,109,9,0,7,98,11,36,17,0,3
Q420,182,168,164,19,0,14,144,2,43,0,0,0
R002,107,78,78,8,0,0,75,0,7,0,0,0
M041,83,72,72,2,0,0,29,2,38,0,0,0
M019,79,63,62,32,0,10,22,1,29,0,0,0
R072,167,63,62,102,0,5,147,0,16,0,0,0
Q084,49,44,44,1,0,0,7,0,0,0,0,0
K200,107,102,100,10,0,2,58,2,3,0,0,34
Q145,134,115,115,0,0,0,55,0,43,28,0,0
K218,130,110,110,28,0,0,98,0,10,0,0,0
Q195,80,62,62,52,0,3,79,0,4,33,0,2
X094,75,69,66,8,0,0,13,0,33,31,0,2
X149,112,100,97,6,0,2,51,0,40,0,0,0
X143,118,95,92,7,0,0,55,6,21,0,0,0
M164,83,84,82,3,1,3,12,13,26,0,0,0
Q151,69,68,68,11,0,0,36,0,1,17,1,9
M911,68,65,57,3,0,2,0,1,9,0,0,0
X157,83,76,73,2,0,0,57,0,6,2,0,1
X005,78,66,63,12,1,0,21,23,21,44,0,1
X178,120,58,58,104,0,3,103,0,17,0,0,0
K277,51,46,46,2,0,0,15,18,12,0,0,0
M111,82,60,60,0,0,0,50,0,5,37,0,8
Q032,77,71,71,4,0,0,49,0,10,39,0,3
K048,64,61,61,1,0,2,2,0,2,0,0,0
M118,128,120,119,5,0,66,29,0,21,0,0,0
M876,80,34,33,58,0,4,64,0,14,0,0,0
Q404,121,73,68,125,0,0,123,0,0,125,0,0
R041,82,74,72,6,0,0,50,0,6,37,1,0
Q168,122,98,92,3,0,2,42,6,48,0,0,0
K470,236,166,161,62,0,1,163,0,33,1,0,0
X392,60,33,31,42,1,22,18,23,22,0,0,0
X073,72,70,70,1,0,0,18,1,43,0,0,0
X053,69,71,71,0,0,0,64,0,6,0,0,0
X041,76,69,69,1,0,12,38,0,36,0,0,0
X009,97,89,88,8,0,0,40,4,15,42,3,3
K302,154,93,92,19,0,1,116,0,20,0,0,0
Q116,83,86,86,2,0,1,41,1,13,1,0,41
X498,168,74,73,53,0,51,21,0,116,0,0,0
M155,69,70,70,3,0,1,65,0,12,0,0,0
K039,41,33,33,0,0,0,9,1,0,0,0,0
Q109,120,127,126,2,0,1,6,3,28,59,3,12
X142,123,107,104,6,0,1,73,3,21,0,0,0
M528,31,21,20,22,0,0,21,0,10,0,0,0
Q108,131,103,103,32,0,0,47,0,52,0,0,6
Q100,99,84,83,22,0,2,61,0,8,0,0,0
Q015,50,49,45,3,0,5,23,0,8,0,0,26
M971,83,49,45,47,0,17,13,0,67,0,0,0
K160,59,55,55,1,0,0,7,0,21,0,0,0
K105,105,108,107,0,0,0,63,0,7,0,0,0
K208,70,70,66,5,0,0,15,0,26,21,0,21
Q208,127,59,59,68,0,19,81,16,24,0,0,0
Q214,64,56,55,4,0,0,9,0,1,0,0,0
R042,81,57,57,1,0,0,47,0,18,0,0,1
X306,162,124,124,43,4,7,30,0,127,85,1,2
K655,137,121,121,29,7,5,74,0,11,28,0,11
M271,104,54,54,1,1,0,13,0,71,41,0,0
Q191,61,53,53,5,0,0,45,0,1,0,0,0
X905,28,17,17,21,0,7,12,0,13,1,0,1
Q055,45,47,47,4,0,0,24,1,4,24,2,0
K018,34,31,31,2,0,0,7,0,2,1,0,0
Q176,100,74,74,57,0,3,69,0,12,0,0,0
X006,80,72,72,2,0,0,58,0,2,0,0,0
Q707,56,36,35,6,1,3,17,1,28,6,0,2
Q213,75,59,59,3,0,0,50,0,2,0,0,0
M918,117,53,53,84,0,3,71,0,35,0,0,0
K155,88,77,74,0,0,70,67,0,9,0,0,0
M036,113,103,104,0,0,0,74,5,23,47,13,2
X091,71,71,71,8,0,0,20,1,17,9,1,23
Q455,192,181,176,4,0,3,56,0,71,15,0,28
X050,76,76,73,1,0,0,43,0,11,0,0,0
Q026,86,74,74,53,1,0,59,0,7,0,0,0
X430,213,198,182,11,0,32,32,0,114,35,0,12
K172,49,46,46,32,0,3,0,0,38,0,0,0
K006,102,55,55,47,0,31,30,1,65,0,0,0
M200,102,71,71,4,0,1,65,0,24,3,0,2
M033,88,79,82,43,1,6,44,2,20,0,0,0
K169,95,90,90,20,0,47,53,0,39,21,0,7
Q197,91,72,72,4,0,1,76,0,6,0,0,1
X125,119,101,98,0,0,0,85,0,17,66,0,0
M165,109,103,92,1,0,0,62,1,4,74,0,6
R880,100,73,73,21,0,58,32,0,59,0,0,38
X107,76,77,77,40,0,0,56,0,0,61,0,1
K280,85,73,65,0,0,5,29,0,21,0,0,0
K209,73,73,73,10,0,0,51,0,0,0,0,38
K188,73,74,74,5,0,0,11,0,53,0,0,0
K199,70,66,65,6,0,0,52,0,0,14,0,0
K230,80,77,77,17,0,0,57,1,6,31,0,1
M022,110,90,90,7,0,1,39,3,49,4,0,1
K425,159,168,166,42,0,68,26,1,28,1,0,0
Q470,152,138,136,23,0,0,55,0,66,82,0,0
R053,73,55,55,4,0,6,65,0,3,0,0,0
R054,91,66,64,2,0,4,74,2,10,8,0,3
M166,59,57,51,36,0,22,7,1,53,41,0,1
Q030,80,61,61,5,1,3,43,11,11,4,0,0
Q247,100,54,53,71,0,5,59,0,37,0,0,0
Q043,144,111,110,103,0,10,93,0,14,0,0,0
M460,218,212,207,12,0,98,21,0,91,1,0,47
Q884,66,18,18,59,0,1,46,0,13,0,0,0
X167,185,62,61,104,3,21,91,2,37,0,0,0
X063,68,72,70,1,0,4,2,0,61,0,0,2
X410,204,200,199,8,0,3,59,0,77,0,0,70
M435,144,135,131,8,0,0,111,0,0,2,0,0
X206,60,39,39,48,0,0,33,2,21,0,0,0
M520,224,58,0,162,0,41,118,0,85,0,0,0
M506,126,71,70,106,3,1,58,40,28,1,0,0
Q633,60,35,33,31,6,17,23,2,30,0,0,0
K175,98,77,76,22,1,17,22,2,9,2,0,39
X086,117,111,111,1,0,0,56,0,13,47,0,0
R445,195,184,180,103,7,81,56,6,113,50,0,2
X423,140,90,82,15,13,73,26,6,101,0,0,0
X023,95,56,50,9,39,18,0,0,31,0,0,0
K005,102,77,71,3,1,1,75,5,8,0,0,5
K246,161,134,133,52,0,9,65,1,27,0,0,13
X114,78,69,69,23,1,11,12,0,39,0,0,0
Q188,64,52,52,4,0,2,43,0,0,0,0,0
X234,91,49,49,4,0,3,17,1,37,11,0,1
M136,100,102,102,0,0,2,13,0,81,0,0,1
K031,84,81,81,0,0,0,6,0,3,0,0,0
K249,86,78,78,4,0,0,62,4,6,0,0,0
Q045,55,53,53,2,0,2,27,0,12,23,0,0
X132,89,77,76,8,0,0,44,8,6,0,0,0
K971,64,24,24,29,1,12,27,17,13,0,0,0
K233,112,108,105,29,0,0,67,1,15,47,4,6
Q686,298,125,120,221,0,0,298,0,0,0,0,0
Q215,78,62,61,2,1,1,57,0,5,4,1,0
Q480,162,163,160,8,0,20,8,0,98,1,0,91
X819,47,48,48,2,0,0,3,0,0,2,0,0
X020,103,93,93,77,0,25,76,0,27,0,0,0
X057,81,82,80,39,7,13,50,1,10,0,0,0
X030,87,87,87,12,0,4,56,0,1,3,0,0
K907,73,18,18,55,0,14,42,0,27,0,0,0
Q273,64,27,27,32,0,5,9,0,18,0,0,0
M916,45,36,32,4,0,0,6,0,8,0,0,0
Q059,117,104,101,6,0,1,79,6,12,2,0,0
X151,174,145,145,5,0,11,23,0,124,2,1,0
Q117,110,94,91,20,0,10,41,0,26,27,1,17
M008,101,53,50,55,0,15,43,0,25,0,0,0
X027,71,73,73,0,0,0,0,0,1,0,0,0
M641,85,80,80,0,0,0,65,1,0,63,4,4
Q076,103,83,83,9,0,51,30,6,47,0,0,0
K215,84,79,76,0,0,2,40,0,18,38,0,7
K166,101,95,95,5,0,92,60,0,38,0,0,0
R001,47,38,38,2,0,0,43,0,0,0,0,0
Q263,113,58,53,72,4,21,69,7,50,0,0,0
K279,111,92,91,23,0,0,89,8,7,0,0,0
K014,118,107,107,74,0,7,99,0,2,0,0,0
X097,37,37,37,2,0,0,18,0,9,14,0,9
X843,75,75,75,0,0,0,0,0,0,49,0,0
Q680,58,37,34,27,6,21,35,2,16,17,10,10
K262,77,74,74,7,1,0,60,0,0,0,0,0
Q314,135,76,68,85,0,7,77,0,53,0,0,0
K465,207,212,211,41,0,61,14,0,72,22,1,12
K205,117,112,107,65,1,15,62,1,18,0,0,1
Q002,66,59,57,18,0,0,38,0,0,5,0,9
R004,187,114,114,34,0,0,101,0,59,11,0,0
K024,112,72,72,20,0,2,103,2,0,46,1,2
X141,136,106,106,101,0,0,94,10,15,0,0,0
Q287,65,43,40,45,0,15,8,0,59,24,0,0
K807,97,50,48,44,0,34,30,17,39,0,0,0
K163,57,54,54,1,0,0,5,0,2,0,0,0
K371,64,43,43,3,0,0,45,3,0,0,0,0
Q091,112,92,84,22,0,52,27,8,44,0,0,0
X884,132,46,45,121,0,0,113,0,9,0,0,0
K251,43,42,42,2,1,0,30,2,4,0,0,0
K100,82,79,79,2,0,50,42,0,19,0,0,0
K610,103,112,112,6,0,0,56,0,6,24,4,26
Q031,55,49,48,31,0,0,37,0,0,0,0,0
X115,115,102,99,0,0,35,1,0,67,0,0,0
X317,60,35,31,46,0,0,56,0,0,0,0,0
K346,155,129,129,13,0,3,83,0,57,13,0,1
X181,135,81,81,127,0,8,105,0,28,0,0,0
X475,284,242,241,44,1,14,104,0,70,185,23,4
X876,52,9,9,43,0,7,23,0,18,0,0,0
M190,43,43,43,38,0,0,2,0,0,0,0,0
R007,137,111,111,12,0,0,92,0,1,0,0,0
M898,51,21,21,34,0,0,17,0,28,0,0,0
M114,53,28,26,38,0,1,51,0,0,0,0,0
X701,16,14,14,14,0,0,3,0,0,0,0,0
Q096,38,36,35,1,0,17,23,0,1,0,0,0
K003,93,69,69,51,0,0,44,0,17,0,0,0
Q266,129,53,51,86,0,2,83,0,34,0,0,0
X279,116,68,67,46,1,40,46,1,28,0,0,0
M178,70,31,30,35,0,17,16,0,52,1,0,0
X184,217,127,127,53,0,12,109,0,30,2,0,0
Q430,168,144,143,8,0,3,10,2,107,0,0,0
K221,70,70,70,3,0,0,40,0,12,41,0,0
Q313,75,36,34,59,0,19,42,0,32,0,0,0
M540,120,104,102,9,0,6,85,0,12,59,0,0
K395,111,83,82,92,0,7,57,0,42,2,0,0
Q069,110,72,71,72,0,4,72,2,30,20,0,0
K150,95,87,83,1,0,0,9,1,7,0,0,0
M126,68,66,66,4,0,0,23,3,25,57,0,3
R069,174,77,76,61,0,1,147,5,3,1,0,0
X088,46,35,35,4,0,4,22,0,4,0,0,0
K023,87,67,67,3,0,0,69,0,7,0,0,0
Q811,79,62,58,4,0,1,45,0,3,0,0,0
K312,82,67,67,6,0,0,56,0,6,0,0,0
M195,188,74,74,38,2,46,110,6,48,1,0,0
Q209,71,66,65,54,0,0,44,0,7,0,0,0
Q046,64,60,57,3,0,0,46,0,4,0,0,0
Q595,45,42,38,0,0,0,5,0,1,0,0,0
Q009,37,37,37,0,0,0,5,0,1,1,0,0
X118,89,87,83,5,0,0,42,0,10,34,0,10
X170,63,34,34,13,0,5,14,2,32,18,1,2
X008,73,57,55,4,0,5,21,0,39,0,0,0
M128,99,91,91,2,0,0,56,0,18,15,0,0
K043,103,103,95,2,0,0,80,1,11,1,0,0
Q212,117,40,40,74,0,15,68,0,43,38,0,2
M011,89,81,67,14,4,37,50,1,20,0,0,0
R825,53,40,40,5,0,0,41,0,0,0,0,0
K207,70,75,75,2,0,2,52,0,1,3,0,26
K380,152,68,68,53,0,8,111,1,47,14,0,0
K600,201,180,170,11,2,9,33,2,17,23,1,40
M131,149,104,103,38,1,1,85,6,48,101,0,2
Q025,139,72,73,7,0,0,123,0,2,39,1,4
Q196,94,69,69,20,6,5,47,5,32,0,0,0
M030,165,118,111,1,0,4,80,8,45,0,0,0
M057,88,79,79,4,0,0,74,0,0,0,0,0
K157,97,92,90,0,0,1,17,31,30,0,0,0
Q008,145,127,124,16,0,1,26,16,69,1,0,0
Q198,82,77,77,67,0,9,76,0,2,0,0,0
X401,133,113,113,8,0,0,114,0,3,0,0,0
K244,96,98,98,43,0,1,36,0,42,0,0,0
K994,33,14,14,9,0,2,24,0,9,15,1,0
M873,53,23,16,53,0,0,10,0,0,0,0,0
M142,120,56,56,39,0,1,103,0,10,0,0,1
X450,299,239,230,25,0,15,232,2,18,0,0,0
M371,26,26,26,0,0,0,0,0,0,0,0,0
K081,119,108,107,2,0,2,33,0,65,0,0,1
Q251,52,35,35,1,0,25,25,1,38,0,0,0
M660,60,64,55,15,0,0,0,0,0,59,1,1
M920,46,20,20,37,0,1,26,0,8,3,0,0
Q515,130,91,66,86,0,54,6,0,23,77,0,8
M877,75,59,53,46,1,21,13,0,11,36,0,15
M833,81,36,0,67,8,4,29,4,43,0,0,0
X032,96,84,79,24,0,0,4,0,49,0,0,0
K186,89,86,86,4,0,58,9,0,52,0,0,0
K376,69,54,49,49,3,3,61,13,1,48,0,0
M965,61,31,31,61,0,0,24,0,33,0,0,0
K261,86,75,75,6,0,0,68,0,1,0,0,0
Q136,75,72,71,2,0,2,9,1,44,38,0,6
K327,73,66,66,3,0,0,39,7,22,0,0,0
K243,97,82,82,3,0,9,17,0,60,0,0,0
X972,77,44,41,48,8,10,18,4,58,0,0,0
M101,121,126,107,5,0,2,53,0,35,1,0,0
M171,95,92,92,2,0,0,25,0,24,0,0,0
K034,47,52,51,0,0,0,3,0,0,0,0,0
K437,117,64,55,77,2,0,64,17,32,0,0,0
X660,113,106,103,3,1,3,5,1,29,0,0,0
Q171,74,72,72,34,12,1,51,4,0,0,0,0
K305,82,60,60,3,0,0,19,30,21,0,0,0
Q060,88,69,62,3,0,0,69,0,3,1,0,3
X046,137,106,100,36,20,45,36,40,44,29,0,3
R062,82,44,40,14,3,43,30,7,47,0,0,0
Q165,83,76,76,65,1,1,78,1,0,59,0,1
K165,68,64,62,1,0,45,37,0,10,0,0,0
K192,82,81,79,55,0,4,11,0,27,0,0,0
K650,132,122,122,4,1,0,73,1,44,0,0,0
Q080,83,70,71,11,0,19,46,1,17,0,0,0
X034,76,59,59,55,0,0,76,0,0,22,0,0
K857,61,41,41,59,0,2,10,0,34,0,0,0
M137,87,60,60,2,0,1,21,3,43,2,0,2
X012,104,81,63,1,28,5,1,36,17,0,0,0
Q722,111,58,57,94,3,4,90,4,14,0,0,0
K183,83,88,87,0,0,59,0,0,68,0,0,0
M218,121,92,91,105,0,0,120,0,0,0,0,0
M208,77,66,65,0,0,3,11,32,27,1,0,0
K902,73,67,66,7,0,0,28,24,13,49,0,3
K152,115,86,86,23,3,0,99,5,5,10,0,0
R027,143,110,110,12,0,1,116,2,2,0,0,0
K275,122,105,103,15,0,0,94,0,12,81,0,15
Q600,166,122,115,54,0,15,3,0,94,0,0,31
M015,71,61,61,0,0,0,27,3,18,0,0,0
K290,71,43,41,51,0,17,52,0,19,0,0,0
Q161,107,60,60,56,14,6,25,8,77,0,0,0
K078,161,113,113,0,0,0,151,0,2,0,0,0
Q152,99,98,96,34,0,65,72,0,27,0,0,0
Q695,125,63,61,104,4,6,93,7,29,3,0,0
M183,55,52,52,1,7,1,2,7,1,1,5,0
M234,67,46,44,48,0,0,42,0,23,3,1,0
K455,311,104,104,157,4,33,181,7,118,1,0,13
X028,91,85,84,12,0,0,4,0,34,1,0,0
X180,157,80,79,136,0,14,121,0,44,3,0,2
X156,111,88,88,3,0,0,49,0,38,0,0,0
X161,116,100,99,3,0,73,53,0,47,0,0,0
Q298,107,66,64,111,0,0,117,0,0,0,0,0
K179,78,79,79,1,0,0,23,0,20,0,0,0
K865,72,62,62,0,0,72,0,0,72,35,0,5
K189,67,88,87,0,0,2,1,1,89,0,0,0
K338,133,70,64,93,1,9,85,2,44,0,0,3
Q022,67,60,60,3,0,0,39,0,14,0,0,0
K149,93,95,94,5,0,0,12,0,2,0,0,0
M152,111,104,102,8,0,0,13,0,42,14,0,22
K123,79,90,88,0,0,90,0,0,29,0,0,0
M050,143,54,48,43,0,20,87,4,23,14,0,0
K299,74,73,73,22,1,0,55,3,3,10,0,11
Q047,32,28,27,12,5,1,18,4,7,1,0,5
X852,34,7,7,15,1,18,15,2,15,0,0,0
M661,47,46,43,14,0,0,45,0,2,2,0,0
R021,40,43,43,10,0,0,9,0,2,0,0,0
K260,61,51,51,4,0,0,31,0,16,0,0,0
Q315,120,83,0,90,0,0,97,0,17,1,0,0
M010,150,113,112,9,0,11,60,7,60,0,0,0
K313,134,68,66,69,5,24,19,0,102,60,0,0
Q452,205,120,113,80,0,30,31,0,145,65,0,1
Q144,138,98,93,40,1,4,83,0,29,5,0,26
K318,140,100,100,17,0,1,119,0,8,0,0,1
K135,59,65,65,24,0,3,11,0,40,0,0,0
K778,29,24,24,0,0,0,0,0,9,0,0,0
X061,81,77,75,3,0,22,7,0,52,1,0,1
K415,173,177,173,3,0,1,15,0,4,123,6,0
K124,41,40,40,0,0,1,5,0,1,0,0,0
Q242,54,33,31,37,0,1,29,0,26,0,0,0
M485,169,116,114,79,9,11,61,13,108,79,1,4
Q051,39,24,24,6,0,6,2,0,41,20,0,7
Q268,71,59,57,61,1,12,52,3,27,0,0,0
M043,124,121,120,12,0,2,18,1,22,75,0,18
K099,69,69,68,0,0,51,33,7,18,0,0,0
K505,229,172,170,23,3,11,34,4,12,56,3,52
K540,228,165,161,32,0,2,98,1,52,0,0,1
X790,275,153,144,150,0,46,98,0,131,0,0,2
X076,68,68,68,2,0,3,2,0,3,40,0,0
X039,82,75,75,3,0,0,20,0,7,0,0,0
X085,103,89,89,2,0,4,35,0,20,18,0,28
X405,306,169,167,102,4,31,150,9,110,0,0,0
X140,84,69,69,5,0,0,44,0,24,0,0,0
K056,77,68,67,2,0,0,60,2,14,0,0,0
Q336,77,70,70,14,0,8,24,0,22,0,0,0
K450,301,192,192,57,2,18,152,15,90,0,0,0
K177,84,82,77,1,0,44,8,0,27,4,0,5
K263,116,100,100,5,0,0,83,0,16,0,0,0
M189,126,103,100,44,0,38,55,0,53,0,0,0
X338,113,55,55,91,0,0,103,0,0,0,0,0
K196,107,100,98,1,0,59,10,0,70,0,0,4
Q169,74,55,55,3,0,0,60,0,2,0,0,0
K239,111,114,113,6,0,0,73,0,16,0,0,65
Q146,66,56,54,2,0,0,40,0,10,43,2,1
M895,43,23,23,42,0,0,19,0,0,0,0,0
K009,134,93,92,1,0,21,61,5,66,0,0,4
X137,126,50,49,103,1,5,15,1,100,0,0,0
M076,59,55,55,0,0,0,24,0,25,0,0,0
Q138,113,94,94,24,0,6,71,0,40,20,0,17
K228,103,102,98,4,0,5,3,0,31,0,0,21
K256,81,76,75,3,0,1,68,0,0,0,0,0
Q087,69,63,56,8,4,0,37,0,14,0,0,0
Q234,116,56,54,69,0,17,65,3,44,0,0,0
Q023,30,29,29,0,0,0,8,0,1,0,0,0
X362,152,111,111,94,9,23,75,41,29,0,0,0
X074,187,102,101,63,2,5,106,2,62,2,0,4
X169,70,42,42,36,0,7,6,1,80,0,0,0
K525,207,143,117,49,0,5,157,5,20,0,0,0
Q036,53,51,50,25,0,6,10,0,18,0,0,0
R026,35,32,28,6,0,0,5,0,0,0,0,0
K240,104,100,100,68,0,1,28,1,4,0,0,0
R061,132,95,94,9,0,0,92,0,18,0,0,0
M812,41,23,22,34,0,0,23,0,2,0,0,0
X080,138,132,130,30,3,0,51,4,33,2,0,60
R058,124,113,110,78,0,1,119,0,1,0,0,0
K320,156,116,114,13,0,1,37,6,74,0,0,0
M276,103,70,70,80,1,4,29,5,75,2,0,0
X108,42,42,42,1,0,0,11,0,0,23,0,1
R861,112,70,64,67,2,0,109,0,0,0,0,0
Q158,126,103,103,6,0,1,80,11,7,0,0,1
Q254,98,68,61,51,0,21,53,0,44,0,0,0
K203,85,85,85,5,0,0,50,1,13,52,0,0
M158,107,95,95,1,1,65,49,2,50,0,0,0
Q104,73,66,66,5,0,0,56,0,2,40,0,0
K148,85,76,75,1,0,0,38,0,15,0,0,0
K032,70,70,64,40,0,0,50,5,0,0,0,0
Q777,41,35,34,3,0,0,17,0,8,0,0,0
K625,173,105,105,0,0,133,0,0,165,0,0,0
K914,106,59,59,67,0,18,2,1,89,0,0,0
Q053,153,105,101,22,0,4,111,2,20,2,0,0
K164,86,85,84,0,0,0,6,0,2,0,0,0
Q106,29,31,29,0,0,0,20,0,0,12,0,0
X127,109,108,107,5,0,2,40,0,45,0,0,0
X018,75,60,59,47,0,1,48,0,4,0,0,0
Q038,36,39,34,32,0,0,34,0,0,16,1,2
M028,104,80,80,3,0,1,56,0,22,0,0,0
R829,58,42,41,35,5,0,32,2,22,0,0,0
K184,63,73,73,7,43,5,43,4,5,0,0,0
Q089,149,108,101,5,0,33,37,9,50,0,0,0
